epoch	time	lr	loss	acc	fscore_macro	val_loss	val_acc	val_fscore_macro
1	101.27948975004256	0.001	1.6895539955177692	41.21212121828638	0.11235059797763824	1.539203072335087	47.08097931310506	0.1659088134765625
2	43.15603216690943	0.001	1.3988766887452868	50.30303030611289	0.20553559064865112	1.2761590099155118	55.36723165278605	0.2672009766101837
3	43.79629183304496	0.001	1.0806862833523991	62.06060606985381	0.34610894322395325	1.0991355605465545	61.016949152542374	0.31635013222694397
4	42.97100245812908	0.001	0.8875203633549238	68.9292929354581	0.4442385137081146	1.1052507106530465	63.465160075329564	0.3730883300304413
5	41.55068775010295	0.001	0.7319288128885356	74.5050505050505	0.5437735319137573	1.106721403235096	65.91337101248473	0.4232841730117798
6	44.5707015839871	0.001	0.6461768241362138	76.8080808080808	0.6055853366851807	1.115531735950046	64.97175144116532	0.4138004779815674
