epoch	time	lr	loss	acc	fscore_macro	val_loss	val_acc	val_fscore_macro
1	154.10059912502766	0.001	1.66739756849077	41.45454546071062	0.12022614479064941	1.5029618124952873	48.3992467330674	0.17439737915992737
2	91.2742191660218	0.001	1.2927794730061233	56.28282828128699	0.25407418608665466	1.19214082998969	58.56873824412315	0.30205070972442627
